-- HR+ MVP v1 demo minimal seed
-- Scope: demo only (environment_type='demo', is_demo=true)
-- Purpose: provide multilingual employee showcase data for demo.admin.
-- Safe to run multiple times (ON CONFLICT by primary key).

begin;

-- Demo departments (2)
insert into departments (
  id, org_id, company_id, branch_id, environment_type, is_demo,
  department_code, department_name, parent_department_id, manager_employee_id, sort_order, is_active,
  created_by, updated_by
) values
(
  '51000000-0000-0000-0000-000000000101',
  '10000000-0000-0000-0000-000000000002',
  '20000000-0000-0000-0000-000000000002',
  null,
  'demo',
  true,
  'D-HQ',
  'Demo Headquarters',
  null,
  null,
  100,
  true,
  null,
  null
),
(
  '51000000-0000-0000-0000-000000000102',
  '10000000-0000-0000-0000-000000000002',
  '20000000-0000-0000-0000-000000000002',
  null,
  'demo',
  true,
  'D-HR',
  'Demo Human Resources',
  '51000000-0000-0000-0000-000000000101',
  null,
  110,
  true,
  null,
  null
)
on conflict (id) do update
set org_id = excluded.org_id,
    company_id = excluded.company_id,
    branch_id = excluded.branch_id,
    environment_type = excluded.environment_type,
    is_demo = excluded.is_demo,
    department_code = excluded.department_code,
    department_name = excluded.department_name,
    parent_department_id = excluded.parent_department_id,
    manager_employee_id = excluded.manager_employee_id,
    sort_order = excluded.sort_order,
    is_active = excluded.is_active,
    updated_at = now(),
    updated_by = excluded.updated_by;

-- Demo positions (2): position_name keeps title only (no person name / no display text)
insert into positions (
  id, org_id, company_id, branch_id, environment_type, is_demo,
  position_code, position_name, job_level, is_managerial, is_active,
  created_by, updated_by
) values
(
  '61000000-0000-0000-0000-000000000101',
  '10000000-0000-0000-0000-000000000002',
  '20000000-0000-0000-0000-000000000002',
  null,
  'demo',
  true,
  'D-HRM',
  'HR Manager',
  'L3',
  true,
  true,
  null,
  null
),
(
  '61000000-0000-0000-0000-000000000102',
  '10000000-0000-0000-0000-000000000002',
  '20000000-0000-0000-0000-000000000002',
  null,
  'demo',
  true,
  'D-HRS',
  'HR Specialist',
  'L2',
  false,
  true,
  null,
  null
)
on conflict (id) do update
set org_id = excluded.org_id,
    company_id = excluded.company_id,
    branch_id = excluded.branch_id,
    environment_type = excluded.environment_type,
    is_demo = excluded.is_demo,
    position_code = excluded.position_code,
    position_name = excluded.position_name,
    job_level = excluded.job_level,
    is_managerial = excluded.is_managerial,
    is_active = excluded.is_active,
    updated_at = now(),
    updated_by = excluded.updated_by;

-- Demo employees (4): Taiwan / Japan / Korea / Western
-- Default branch mapping:
-- DEMO-001 -> Taipei Demo HQ
-- DEMO-002 -> Taichung Demo Office
-- DEMO-003 -> Kaohsiung Demo Office
-- DEMO-004 -> Taipei Demo HQ
insert into employees (
  id, org_id, company_id, branch_id, environment_type, is_demo,
  employee_code, legal_name, preferred_name, display_name,
  family_name_local, given_name_local, full_name_local,
  family_name_latin, given_name_latin, full_name_latin,
  work_email, personal_email, mobile_phone,
  nationality_code, work_country_code, preferred_locale, timezone,
  department_id, position_id, manager_employee_id,
  employment_type, employment_status, hire_date, termination_date,
  gender_note, notes,
  created_by, updated_by
) values
(
  '71000000-0000-0000-0000-000000000101',
  '10000000-0000-0000-0000-000000000002',
  '20000000-0000-0000-0000-000000000002',
  '30000000-0000-0000-0000-000000000002',
  'demo',
  true,
  'DEMO-001',
  '林雅婷',
  '雅婷',
  '林雅婷',
  '林',
  '雅婷',
  '林雅婷',
  'Lin',
  'Yating',
  'Yating Lin',
  'demo.yating@lemma.local',
  null,
  '+886900100001',
  'TW',
  'TW',
  'zh-TW',
  'Asia/Taipei',
  '51000000-0000-0000-0000-000000000101',
  '61000000-0000-0000-0000-000000000101',
  null,
  'full_time',
  'active',
  date '2025-01-01',
  null,
  null,
  'Taiwan sample employee',
  null,
  null
),
(
  '71000000-0000-0000-0000-000000000102',
  '10000000-0000-0000-0000-000000000002',
  '20000000-0000-0000-0000-000000000002',
  '30000000-0000-0000-0000-000000000102',
  'demo',
  true,
  'DEMO-002',
  '佐藤健',
  '健',
  '佐藤 健（さとう けん）',
  '佐藤',
  '健',
  '佐藤 健（さとう けん）',
  'Sato',
  'Ken',
  'Ken Sato',
  'demo.ken@lemma.local',
  null,
  '+886900100002',
  'JP',
  'TW',
  'ja',
  'Asia/Taipei',
  '51000000-0000-0000-0000-000000000102',
  '61000000-0000-0000-0000-000000000101',
  '71000000-0000-0000-0000-000000000101',
  'full_time',
  'active',
  date '2025-01-15',
  null,
  null,
  'Japan sample employee',
  null,
  null
),
(
  '71000000-0000-0000-0000-000000000103',
  '10000000-0000-0000-0000-000000000002',
  '20000000-0000-0000-0000-000000000002',
  '30000000-0000-0000-0000-000000000103',
  'demo',
  true,
  'DEMO-003',
  '김민준',
  '민준',
  '김민준',
  '김',
  '민준',
  '김민준',
  'Kim',
  'Minjun',
  'Minjun Kim',
  'demo.minjun@lemma.local',
  null,
  '+886900100003',
  'KR',
  'TW',
  'ko',
  'Asia/Taipei',
  '51000000-0000-0000-0000-000000000102',
  '61000000-0000-0000-0000-000000000102',
  '71000000-0000-0000-0000-000000000102',
  'full_time',
  'active',
  date '2025-02-01',
  null,
  null,
  'Korea sample employee',
  null,
  null
),
(
  '71000000-0000-0000-0000-000000000104',
  '10000000-0000-0000-0000-000000000002',
  '20000000-0000-0000-0000-000000000002',
  '30000000-0000-0000-0000-000000000002',
  'demo',
  true,
  'DEMO-004',
  'Emily Johnson',
  'Emily',
  'Emily Johnson',
  'Emily',
  'Johnson',
  'Emily Johnson',
  'Johnson',
  'Emily',
  'Emily Johnson',
  'demo.emily@lemma.local',
  null,
  '+886900100004',
  'US',
  'TW',
  'en',
  'Asia/Taipei',
  '51000000-0000-0000-0000-000000000102',
  '61000000-0000-0000-0000-000000000102',
  '71000000-0000-0000-0000-000000000102',
  'full_time',
  'active',
  date '2025-02-10',
  null,
  null,
  'Western sample employee',
  null,
  null
)
on conflict (id) do update
set org_id = excluded.org_id,
    company_id = excluded.company_id,
    branch_id = excluded.branch_id,
    environment_type = excluded.environment_type,
    is_demo = excluded.is_demo,
    employee_code = excluded.employee_code,
    legal_name = excluded.legal_name,
    preferred_name = excluded.preferred_name,
    display_name = excluded.display_name,
    family_name_local = excluded.family_name_local,
    given_name_local = excluded.given_name_local,
    full_name_local = excluded.full_name_local,
    family_name_latin = excluded.family_name_latin,
    given_name_latin = excluded.given_name_latin,
    full_name_latin = excluded.full_name_latin,
    work_email = excluded.work_email,
    personal_email = excluded.personal_email,
    mobile_phone = excluded.mobile_phone,
    nationality_code = excluded.nationality_code,
    work_country_code = excluded.work_country_code,
    preferred_locale = excluded.preferred_locale,
    timezone = excluded.timezone,
    department_id = excluded.department_id,
    position_id = excluded.position_id,
    manager_employee_id = excluded.manager_employee_id,
    employment_type = excluded.employment_type,
    employment_status = excluded.employment_status,
    hire_date = excluded.hire_date,
    termination_date = excluded.termination_date,
    gender_note = excluded.gender_note,
    notes = excluded.notes,
    updated_at = now(),
    updated_by = excluded.updated_by;

-- Sync department managers after employees exist
update departments
set manager_employee_id = case
  when id = '51000000-0000-0000-0000-000000000101' then '71000000-0000-0000-0000-000000000101'::uuid
  when id = '51000000-0000-0000-0000-000000000102' then '71000000-0000-0000-0000-000000000102'::uuid
  else manager_employee_id
end,
updated_at = now()
where id in (
  '51000000-0000-0000-0000-000000000101',
  '51000000-0000-0000-0000-000000000102'
);

-- Demo assignments (4 current primary)
insert into employee_assignments (
  id, org_id, company_id, branch_id, environment_type, is_demo,
  employee_id, department_id, position_id, manager_employee_id,
  assignment_type, effective_from, effective_to, is_current,
  created_by, updated_by
) values
(
  '81000000-0000-0000-0000-000000000101',
  '10000000-0000-0000-0000-000000000002',
  '20000000-0000-0000-0000-000000000002',
  '30000000-0000-0000-0000-000000000002',
  'demo',
  true,
  '71000000-0000-0000-0000-000000000101',
  '51000000-0000-0000-0000-000000000101',
  '61000000-0000-0000-0000-000000000101',
  null,
  'primary',
  date '2025-01-01',
  null,
  true,
  null,
  null
),
(
  '81000000-0000-0000-0000-000000000102',
  '10000000-0000-0000-0000-000000000002',
  '20000000-0000-0000-0000-000000000002',
  '30000000-0000-0000-0000-000000000102',
  'demo',
  true,
  '71000000-0000-0000-0000-000000000102',
  '51000000-0000-0000-0000-000000000102',
  '61000000-0000-0000-0000-000000000101',
  '71000000-0000-0000-0000-000000000101',
  'primary',
  date '2025-01-15',
  null,
  true,
  null,
  null
),
(
  '81000000-0000-0000-0000-000000000103',
  '10000000-0000-0000-0000-000000000002',
  '20000000-0000-0000-0000-000000000002',
  '30000000-0000-0000-0000-000000000103',
  'demo',
  true,
  '71000000-0000-0000-0000-000000000103',
  '51000000-0000-0000-0000-000000000102',
  '61000000-0000-0000-0000-000000000102',
  '71000000-0000-0000-0000-000000000102',
  'primary',
  date '2025-02-01',
  null,
  true,
  null,
  null
),
(
  '81000000-0000-0000-0000-000000000104',
  '10000000-0000-0000-0000-000000000002',
  '20000000-0000-0000-0000-000000000002',
  '30000000-0000-0000-0000-000000000002',
  'demo',
  true,
  '71000000-0000-0000-0000-000000000104',
  '51000000-0000-0000-0000-000000000102',
  '61000000-0000-0000-0000-000000000102',
  '71000000-0000-0000-0000-000000000102',
  'primary',
  date '2025-02-10',
  null,
  true,
  null,
  null
)
on conflict (id) do update
set org_id = excluded.org_id,
    company_id = excluded.company_id,
    branch_id = excluded.branch_id,
    environment_type = excluded.environment_type,
    is_demo = excluded.is_demo,
    employee_id = excluded.employee_id,
    department_id = excluded.department_id,
    position_id = excluded.position_id,
    manager_employee_id = excluded.manager_employee_id,
    assignment_type = excluded.assignment_type,
    effective_from = excluded.effective_from,
    effective_to = excluded.effective_to,
    is_current = excluded.is_current,
    updated_at = now(),
    updated_by = excluded.updated_by;

commit;
